    {"crn" : "<CRNNUMBER>",
        "registrations": [
            {
                "active": true,
                "nextReviewDate": "2019-01-12",
                "numberOfPreviousDeregistrations": 0,
                "offenderId": 999999,
                "register": {
                    "code": "2",
                    "description": "Alerts"
                },
                "registerCategory": {
                    "code": "X9",
                    "description": "All - Category to be determined"
                },
                "registeringOfficer": {
                    "code": "N07A003",
                    "forenames": "Unallocate",
                    "surname": "Unallocate",
                    "unallocated": false
                },
                "registeringProbationArea": {
                    "code": "N07",
                    "description": "NPS London"
                },
                "registeringTeam": {
                    "code": "N07UAT",
                    "description": "Unallocated Team(N07)"
                },
                "registrationId": 2500206757,
                "reviewPeriodMonths": 6,
                "riskColour": "Amber",
                "startDate": "2021-07-12",
                "type": {
                    "code": "AMHL",
                    "description": "Mental Health Issues"
                },
                "warnUser": false
            }
        ]
    }